{
	"powers": [
		"ent:chorus/passive/eldritch_guarding/health_i",
		"ent:chorus/passive/eldritch_guarding/lightning_i"
	],
	"icon": "minecraft:enchanted_book",
	"order": 5,
	"impact": 0,
	"name": "Eldritch Guarding",
	"description": "Occasionally call on The Mother to protect you in battle, striking lightning on your foes at the cost of a minor increase to damage taken.",
	"upgrades": [
		{
		"condition": "story/follow_ender_eye",
		"origin": "ent:chorus/passive/eldritch_guarding/guarding_ii",
		"announcement": "Crackling and thunder from the beyond draws your attention."
		}
	]
}
