{
	"powers": [
		"ent:chorus/passive/eldritch_guarding/health_iii",
		"ent:chorus/passive/eldritch_guarding/lightning_iii"
	],
	"icon": "minecraft:enchanted_book",
	"order": 5,
	"impact": 2,
	"name": "Eldritch Guarding +2",
	"description": "Occasionally call on The Mother to protect you in battle, striking lightning on your foes at the cost of an increase to damage taken.",
	"unchoosable": true,
	"upgrades": [
		{
		"condition": "adventure/kill_all_mobs",
		"origin": "ent:chorus/passive/eldritch_guarding/guarding_iiii",
		"announcement": "Electricity crackles through the clouds."
		}
	]
}
