{
	"powers": [
		"ent:chorus/passive/eldritch_guarding/health_ii",
		"ent:chorus/passive/eldritch_guarding/lightning_ii"
	],
	"icon": "minecraft:enchanted_book",
	"order": 5,
	"impact": 1,
	"name": "Eldritch Guarding +1",
	"description": "Occasionally call on The Mother to protect you in battle, striking lightning on your foes at the cost of a small increase to damage taken.",
	"unchoosable": true,
	"upgrades": [
		{
		"condition": "end/kill_dragon",
		"origin": "ent:chorus/passive/eldritch_guarding/guarding_iii",
		"announcement": "The Mother cries out as lightning strikes the ground."
		}
	]
}
