{
  "type": "origins:conditioned_attribute",
  "interval": 20,
  "modifiers": [
    {
      "attribute": "minecraft:generic.attack_damage",
      "operation": "multiply_total",
      "value": 0.2
    },
    {
      "attribute": "minecraft:generic.movement_speed",
      "operation": "multiply_total",
      "value": 0.15
    }
  ],
  "condition": {
    "type": "origins:and",
    "conditions": [
      {
        "type": "origins:exposed_to_sky"
      },
      {
        "type": "origins:daytime",
        "inverted": true
      }
    ]
  },
  "hidden": true
}
