{
  "type": "origins:conditioned_attribute",
  "interval": 20,
  "modifiers": [
    {
      "attribute": "minecraft:generic.attack_damage",
      "operation": "multiply_total",
      "value": -0.22
    },
    {
      "attribute": "minecraft:generic.armor",
      "operation": "multiply_total",
      "value": -0.22
    }
  ],
  "condition": {
    "type": "origins:and",
    "conditions": [
      {
        "type": "origins:exposed_to_sky"
      },
      {
        "type": "origins:daytime"
      }
    ]
  },
  "hidden": true
}
