{
	"powers": [
		"ent:chorus/active/endric_channeling/give_rods",
		"ent:chorus/active/endric_channeling/horn",
		"ent:chorus/active/endric_channeling/lightning_i"
	],
	"icon": "minecraft:end_rod",
	"order": 5,
	"impact": 0,
	"name": "Endric Channeling",
	"description": "Tear open spacetime to strike lightning on nearby end rods. However, you are physically unable to wear helmets.",
	"upgrades": [
		{
		"condition": "story/follow_ender_eye",
		"origin": "ent:chorus/active/endric_channeling/channeling_ii",
		"announcement": "You hear a sizzling, the shock of electricity in your veins."
		}
	]
}
