{
	"powers": [
		"ent:chorus/active/endric_channeling/give_rods",
		"ent:chorus/active/endric_channeling/horn",
		"ent:chorus/active/endric_channeling/lightning_ii"
	],
	"icon": "minecraft:end_rod",
	"order": 5,
	"impact": 1,
	"name": "Endric Channeling +1",
	"description": "Tear open spacetime to strike lightning on nearby end rods. However, you are physically unable to wear helmets.",
	"unchoosable": true,
	"upgrades": [
		{
		"condition": "end/kill_dragon",
		"origin": "ent:chorus/active/endric_channeling/channeling_iii",
		"announcement": "A thunder crackels through the clouds."
		}
	]
}
