{
	"powers": [
		"ent:chorus/active/endric_channeling/give_rods",
		"ent:chorus/active/endric_channeling/horn",
		"ent:chorus/active/endric_channeling/lightning_iii"
	],
	"icon": "minecraft:end_rod",
	"order": 5,
	"impact": 2,
	"name": "Endric Channeling +2",
	"description": "Tear open spacetime to strike lightning on nearby end rods. However, you are physically unable to wear helmets.",
	"unchoosable": true,
	"upgrades": [
		{
		"condition": "adventure/kill_all_mobs",
		"origin": "ent:chorus/active/endric_channeling/channeling_iiii",
		"announcement": "Flames, flames all around you as pure light strikes the ground."
		}
	]
}
