{
	"powers": [
		"ent:chorus/main/thorned_spine/spine_i",
		"ent:chorus/main/get_tags",
		"ent:chorus/main/fresh_air",
		"ent:chorus/main/chorus_diet",
		"ent:chorus/main/hydrophobic/teleport",
		"ent:chorus/main/hydrophobic/water_damage"
	],
	"icon": "minecraft:chorus_fruit",
	"order": 5,
	"impact": 3,
	"name": "Chorus Sprout",
	"description": "You open your eyes to an unfamiliar place. You feel alien, but you don't know where you are from.",
	"upgrades": [
		{
		"condition": "story/follow_ender_eye",
		"origin": "ent:chorus/main/chorus_shoot",
		"announcement": "It's taken you here. There's a strange familiarity to this place but you can't quite figure out what it is."
		}
	]
}
