{
	"powers": [
		"ent:chorus/main/thorned_spine/spine_iii",
		"ent:chorus/main/get_tags",
		"ent:chorus/main/fresh_air",
		"ent:chorus/main/chorus_diet",
		"ent:chorus/main/hydrophobic/teleport",
		"ent:chorus/main/hydrophobic/water_damage"
	],
	"icon": "minecraft:chorus_plant",
	"order": 5,
	"impact": 3,
	"name": "Chorus Plant",
	"description": "Seeing the remains of your home devastate you. You feel as though you owe The Mother to rebuild her kingdom.",
	"unchoosable": true,
	"upgrades": [
		{
		"condition": "adventure/kill_all_mobs",
		"origin": "ent:chorus/main/chorus_tendril",
		"announcement": "She smiles down on you, you've fought every enemy of The Mother."
		}
	]
}
