{
	"powers": [
		"ent:chorus/main/thorned_spine/spine_ii",
		"ent:chorus/main/get_tags",
		"ent:chorus/main/fresh_air",
		"ent:chorus/main/chorus_diet",
		"ent:chorus/main/hydrophobic/teleport",
		"ent:chorus/main/hydrophobic/water_damage"
	],
	"icon": "minecraft:popped_chorus_fruit",
	"order": 5,
	"impact": 3,
	"name": "Chorus Shoot",
	"description": "You understand, but not quite. You know what you have to do but you just aren't certain you can.",
	"unchoosable": true,
	"upgrades": [
		{
		"condition": "end/kill_dragon",
		"origin": "ent:chorus/main/chorus_plant",
		"announcement": "You've seen the enslavement that came with that beast and destroyed it. You're traumatized by what has happened to your home."
		}
	]
}
