{
	"powers": [
		"ent:chorus/passive/mother_eyes/moon_iii",
		"ent:chorus/passive/mother_eyes/sun_iii"
	],
	"icon": "minecraft:ender_eye",
	"order": 5,
	"impact": 2,
	"name": "Eyes of The Mother +2",
	"description": "When in the moon, gain a substantial increase to damage and speed. However, being in the sun decreases damage and armor.",
	"unchoosable": true,
	"upgrades": [
		{
		"condition": "adventure/kill_all_mobs",
		"origin": "ent:chorus/passive/mother_eyes/eyes_iiii",
		"announcement": "Finally, you have pleased The Mother and she is happy with your works."
		}
	]
}
