{
	"powers": [
		"ent:chorus/passive/mother_eyes/moon_i",
		"ent:chorus/passive/mother_eyes/sun_i"
	],
	"icon": "minecraft:ender_pearl",
	"order": 5,
	"impact": 0,
	"name": "Eyes of The Mother",
	"description": "When in the moon, gain a small increase to damage and speed. However, being in the sun minorly decreases damage and armor.",
	"upgrades": [
		{
		"condition": "story/follow_ender_eye",
		"origin": "ent:chorus/passive/mother_eyes/eyes_ii",
		"announcement": "She looks upon you, happy in your progress."
		}
	]
}
