{
	"powers": [
		"ent:chorus/passive/mother_eyes/moon_ii",
		"ent:chorus/passive/mother_eyes/sun_ii"
	],
	"icon": "minecraft:ender_pearl",
	"order": 5,
	"impact": 1,
	"name": "Eyes of The Mother +1",
	"description": "When in the moon, gain an increase to damage and speed. However, being in the sun decreases damage and armor.",
	"unchoosable": true,
	"upgrades": [
		{
		"condition": "end/kill_dragon",
		"origin": "ent:chorus/passive/mother_eyes/eyes_iii",
		"announcement": "You feel her warming gaze."
		}
	]
}
