{
	"type": "origins:stacking_status_effect",
	"min_stacks": 1,
	"max_stacks": 2,
	"duration_per_stack": 40,
	"effect": {
		"effect": "minecraft:health_boost",
		"duration": 0,
		"amplifier": 1,
		"is_ambient": false,
		"show_particles": false,
		"show_icon": true
	},
	"condition": {
		"type":"origins:block_in_radius",
		"block_condition": {
			"type": "origins:block",
			"block": "minecraft:obsidian"
		},
		"radius": 6,
		"shape": "cube",
		"comparison": ">=",
		"compare_to": 1
	},
	"name": "Darkness is Love",
	"description": "Being an enderman you like obsidain cause it reminds you of the dragon"
}