{
  "type": "origins:action_over_time",
  "interval": 5,
  "entity_action": {
    "type": "origins:execute_command",
    "command": "function ent:fresh_air_search/search_start",
    "permission_level": 4
  },
  "condition": {
    "type": "origins:fluid_height",
    "fluid": "minecraft:water",
    "comparison": ">",
    "compare_to": 0.0
  },
  "name": "Extreme Hydrophobia",
  "description": "Due to it not touching liquid for so long it has become incapable of touching it and will teleport to a plot of land to escape it."
}