{
	"powers": [
		"ent:chorus/passive/darkness_friend/armor_i",
		"ent:chorus/passive/darkness_friend/invisibility_i",
		"ent:chorus/passive/darkness_friend/particles_i"
	],
	"icon": "minecraft:nether_star",
	"order": 5,
	"impact": 0,
	"name": "Friend of Darkness",
	"description": "Very dark places sheild you away from sight, at the cost of worldly armor.",
	"upgrades": [
		{
		"condition": "story/follow_ender_eye",
		"origin": "ent:chorus/passive/darkness_friend/darkness_ii",
		"announcement": "The darkness calls you home within itself."
		}
	]
}
