{
	"powers": [
		"ent:chorus/passive/darkness_friend/armor_iii",
		"ent:chorus/passive/darkness_friend/invisibility_iii",
		"ent:chorus/passive/darkness_friend/particles_iii"
	],
	"icon": "minecraft:nether_star",
	"order": 5,
	"impact": 2,
	"name": "Friend of Darkness +2",
	"description": "Dark places sheild you away from sight, at the cost of some worldly armor.",
	"unchoosable": true,
	"upgrades": [
		{
		"condition": "adventure/kill_all_mobs",
		"origin": "ent:chorus/passive/darkness_friend/darkness_iiii",
		"announcement": "You no longer search for darkness, for you have become the very thing you were looking for."
		}
	]
}
