{
	"powers": [
		"ent:chorus/passive/darkness_friend/armor_ii",
		"ent:chorus/passive/darkness_friend/invisibility_ii",
		"ent:chorus/passive/darkness_friend/particles_ii"
	],
	"icon": "minecraft:nether_star",
	"order": 5,
	"impact": 1,
	"name": "Friend of Darkness +1",
	"description": "Dark places sheild you away from sight, at the cost of worldly armor.",
	"unchoosable": true,
	"upgrades": [
		{
		"condition": "end/kill_dragon",
		"origin": "ent:chorus/passive/darkness_friend/darkness_iii",
		"announcement": "You grow closer to the darkness, feeling it's cool breath."
		}
	]
}
