{
  "type": "origins:modify_food",
  "entity_action": {
    "type": "origins:apply_effect",
    "effect": {
      "effect": "minecraft:weakness",
      "duration": 60,
      "amplifier": 0,
      "is_ambient": false,
      "show_particles": false,
      "show_icon": true
    }
  },
  "item_condition": {
    "type": "origins:ingredient",
    "ingredient":{
      "item": "minecraft:chorus_fruit"
    },
    "inverted": true
  },
  "name": "Alienated Diet",
  "description": "You are unable to correctly digest foods other than chorus fruit, causing you to gain weakness on consumption."
}
