{
  "type": "origins:action_on_callback",
  "entity_action_chosen": {
    "type": "origins:execute_command",
    "command": "tag @s add chorus",
    "permission_level": 4
  },
    "entity_action_respawned": {
      "type": "origins:execute_command",
      "command": "tag @s add chorus",
      "permission_level": 4
  },
  "entity_action_lost": {
    "type": "origins:execute_command",
    "command": "tag @s remove chorus",
    "permission_level": 4
  },
  "execute_chosen_when_orb": true,
  "hidden": true
}
