{
	"type": "origins:fire_projectile",
	"entity_type": "minecraft:fireball",
	"cooldown": 100,
	"count": 1,
	"speed": 1.5,
	"divergence": 1,
	"tag": "{pickup:0b,CustomPotionEffects:[{Id:2,Duration:100,Amplifier:0b}]}",
	"key": {
		"key": "key.origins.primary_active",
		"continuous": false
	},
	"hud_render": {
		"should_render": true,
		"sprite_location": "origins:textures/gui/community/spiderkolo/resource_bar_01.png",
		"bar_index": 24
	},
	"name": "Astroid",
	"description": "Being hit by an astroid will slow down the player hit"
	}