{
	"type": "origins:damage_over_time",
	"interval": 20,
	"onset_delay": 1,
	"damage": 0.4,
	"damage_easy": 1,
	"damage_source": {
		"name": "hurt_by_water",
		"unblockable": true,
		"bypasses_armor": true,
		"description": "Since you used to live in space you had no idea what water is so you take little damge to water"
	},
	"protection_enchantment": "origins:water_protection",
	"protection_effectiveness": 1.0,
	"condition": {
		"type": "origins:or",
		"conditions": [{
				"type": "origins:fluid_height",
				"fluid": "minecraft:water",
				"comparison": ">",
				"compare_to": 0.0
			},
			{
				"type": "origins:in_rain"
			}
		]
	}
}