{
  "type": "origins:action_on_callback",
  "entity_action_chosen": {
    "type": "origins:execute_command",
    "command": "replaceitem entity @s armor.head minecraft:end_rod{Enchantments:[{id:\"minecraft:binding_curse\",lvl:1s},{id:\"minecraft:vanishing_curse\",lvl:1s}]}",
    "permission_level": 4
  },
  "entity_action_respawned": {
    "type": "origins:execute_command",
    "command": "replaceitem entity @s armor.head minecraft:end_rod{Enchantments:[{id:\"minecraft:binding_curse\",lvl:1s},{id:\"minecraft:vanishing_curse\",lvl:1s}]}",
    "permission_level": 4
  },
  "entity_action_removed": {
    "type": "origins:execute_command",
    "command": "replaceitem entity @s armor.head minecraft:air",
    "permission_level": 4
  },
  "hidden": true
}
