{
  "type": "origins:active_self",
  "entity_action": {
    "type": "origins:and",
    "actions": [
      {
        "type": "origins:execute_command",
        "command": "function ent:endrod_search/search_start",
        "permission_level": 4
      },
      {
        "type": "origins:damage",
        "amount": 1,
        "source": {
          "name": "lightningBolt",
          "bypasses_armor": true,
          "unblockable": true,
          "magic": true
        }
      }
    ]
  },
  "cooldown": 280,
  "key": "primary",
  "hud_render": {
    "should_render": true,
    "sprite_location": "origins:textures/gui/ent_resource_bar.png",
    "bar_index": 0
  },
  "hidden": true
}
