{
  "type": "origins:active_self",
  "entity_action": {
    "type": "origins:and",
    "actions": [
      {
        "type": "origins:execute_command",
        "command": "function ent:totems/totem_dark",
        "permission_level": 4
      },
      {
        "type": "origins:execute_command",
        "command": "clear @s minecraft:ender_eye 1",
        "permission_level": 4
      }
    ]
  },
  "condition": {
    "type": "origins:and",
    "conditions": [
      {
        "type": "origins:or",
        "conditions": [
          {
            "type": "origins:equipped_item",
            "equipment_slot": "mainhand",
            "item_condition": {
              "type": "origins:ingredient",
              "ingredient": {
                "item": "minecraft:ender_eye"
              }
            }
          },
          {
            "type": "origins:equipped_item",
            "equipment_slot": "offhand",
            "item_condition": {
              "type": "origins:ingredient",
              "ingredient": {
                "item": "minecraft:ender_eye"
              }
            }
          }
        ]
      },
      {
        "type": "origins:and",
        "conditions": [
          {
            "type": "origins:equipped_item",
            "equipment_slot": "mainhand",
            "item_condition": {
              "type": "origins:ingredient",
              "ingredient": {
                "item": "minecraft:ghast_tear"
              }
            },
            "inverted": true
          },
          {
            "type": "origins:equipped_item",
            "equipment_slot": "offhand",
            "item_condition": {
              "type": "origins:ingredient",
              "ingredient": {
                "item": "minecraft:ghast_tear"
              }
            },
            "inverted": true
          }
        ]
      }
    ]
  },
  "cooldown": 130,
  "keybind": "primary",
  "hud_render": {
    "should_render": true,
    "sprite_location": "origins:textures/gui/ent_resource_bar.png",
    "bar_index": 1
  },
  "hidden": true
}
