{
  "type": "origins:action_over_time",
  "interval": 20,
  "entity_action": {
    "type": "origins:and",
    "actions": [
      {
        "type": "origins:chance",
        "action": {
          "type": "origins:apply_effect",
          "effect": {
            "effect": "minecraft:weakness",
            "duration": 30,
            "amplifier": 0,
            "is_ambient": true,
            "show_particles": false,
            "show_icon": true
          }
        },
        "chance": 0.0015
      },
      {
        "type": "origins:chance",
        "action": {
          "type": "origins:apply_effect",
          "effect": {
            "effect": "minecraft:wither",
            "duration": 30,
            "amplifier": 0,
            "is_ambient": true,
            "show_particles": false,
            "show_icon": true
          }
        },
        "chance": 0.0015
      }
    ]
  },
  "hidden": true
}
