{
	"powers": [
		"ent:chorus/active/reverb/teleport_iii",
		"ent:chorus/active/reverb/health_iii"
	],
	"icon": "minecraft:crying_obsidian",
	"order": 5,
	"impact": 2,
	"name": "Reverb +2",
	"description": "Step through the void to phase quickly through blocks. This costs some maximum health.",
	"unchoosable": true,
	"upgrades": [
		{
		"condition": "adventure/kill_all_mobs",
		"origin": "ent:chorus/active/reverb/teleport_iiii",
		"announcement": "A wispering calls you deeper into the space beyond."
		}
	]
}
