{
	"powers": [
		"ent:chorus/active/reverb/teleport_ii",
		"ent:chorus/active/reverb/health_ii"
	],
	"icon": "minecraft:obsidian",
	"order": 5,
	"impact": 1,
	"name": "Reverb +1",
	"description": "Step through the void to phase quickly through blocks. This costs maximum health.",
	"unchoosable": true,
	"upgrades": [
		{
		"condition": "end/kill_dragon",
		"origin": "ent:chorus/active/reverb/teleport_iii",
		"announcement": "Voices, they call you from the other side."
		}
	]
}
