{
	"powers": [
		"ent:chorus/active/duality/dark_totem_iii",
		"ent:chorus/active/duality/light_totem_iii",
		"ent:chorus/active/duality/unstable"
	],
	"icon": "minecraft:blackstone_wall",
	"order": 5,
	"impact": 2,
	"name": "Duality +2",
	"description": "Call forth a totem of light or dark to benefit your allies. This, however, comes at the cost of your stability causing you to sometimes become weak or withered.",
	"unchoosable": true,
	"upgrades": [
		{
		"condition": "adventure/kill_all_mobs",
		"origin": "ent:chorus/active/duality/duality_iiii",
		"announcement": "Finally you have full control of the concepts of light and dark."
		}
	]
}
