{
	"powers": [
		"ent:chorus/active/duality/dark_totem_ii",
		"ent:chorus/active/duality/light_totem_ii",
		"ent:chorus/active/duality/unstable"
	],
	"icon": "minecraft:blackstone_wall",
	"order": 5,
	"impact": 1,
	"name": "Duality +1",
	"description": "Call forth a totem of light or dark to benefit your allies. This, however, comes at the cost of your stability causing you to sometimes become weak or withered.",
	"unchoosable": true,
	"upgrades": [
		{
		"condition": "end/kill_dragon",
		"origin": "ent:chorus/active/duality/duality_iii",
		"announcement": "You find strength in the dark, and life in the light."
		}
	]
}
