{
	"powers": [
		"ent:chorus/active/duality/dark_totem_i",
		"ent:chorus/active/duality/light_totem_i",
		"ent:chorus/active/duality/unstable"
	],
	"icon": "minecraft:blackstone_wall",
	"order": 5,
	"impact": 0,
	"name": "Duality",
	"description": "Call forth a totem of light or dark to benefit your allies. This, however, comes at the cost of your stability causing you to sometimes become weak or withered.",
	"upgrades": [
		{
		"condition": "story/follow_ender_eye",
		"origin": "ent:chorus/active/duality/duality_ii",
		"announcement": "The concepts of light and dark become more familiar to you."
		}
	]
}
