{
  "replace": false,
  "order": 1,
  "enabled": true,
  "origins": [
		{
		"condition": {
			"type": "origins:origin",
			"origin": "ent:chorus/main/chorus_sprout",
			"layer": "origins:origin"
			},
			"origins": [
        "ent:chorus/active/duality/duality_i",
        "ent:chorus/active/duality/duality_ii",
        "ent:chorus/active/duality/duality_iii",
        "ent:chorus/active/duality/duality_iiii",
        "ent:chorus/active/endric_channeling/channeling_i",
        "ent:chorus/active/endric_channeling/channeling_ii",
        "ent:chorus/active/endric_channeling/channeling_iii",
        "ent:chorus/active/endric_channeling/channeling_iiii",
        "ent:chorus/active/reverb/teleport_i",
        "ent:chorus/active/reverb/teleport_ii",
        "ent:chorus/active/reverb/teleport_iii",
        "ent:chorus/active/reverb/teleport_iiii"
			]
		}
	],
  "name": "Active Ability"
}
