{
  "replace": false,
  "order": 2,
  "enabled": true,
  "origins": [
		{
		"condition": {
			"type": "origins:origin",
			"origin": "ent:chorus/main/chorus_sprout",
			"layer": "origins:origin"
			},
			"origins": [
        "ent:chorus/passive/darkness_friend/darkness_i",
        "ent:chorus/passive/darkness_friend/darkness_ii",
        "ent:chorus/passive/darkness_friend/darkness_iii",
        "ent:chorus/passive/darkness_friend/darkness_iiii",
        "ent:chorus/passive/eldritch_guarding/guarding_i",
        "ent:chorus/passive/eldritch_guarding/guarding_ii",
        "ent:chorus/passive/eldritch_guarding/guarding_iii",
        "ent:chorus/passive/eldritch_guarding/guarding_iiii",
        "ent:chorus/passive/mother_eyes/eyes_i",
        "ent:chorus/passive/mother_eyes/eyes_ii",
        "ent:chorus/passive/mother_eyes/eyes_iii",
        "ent:chorus/passive/mother_eyes/eyes_iiii"
			]
		}
	],
  "name": "Passive Ability"
}
